gallerypic/gallerypic49,1676421,d7b1f3d12c2932441a08f6494f39f33e
gallerypic/gallerypic19,295667,8be5bc8914bd355abf2b937b436f6865
gallerypic/gallerypic16,308836,e04a5922856221cd13b897e21fc47c2a
gallerypic/gallerypic8,295282,c912806f6af0349c73253db13cbf1123
gallerypic/gallerypic9,277718,96708bea2ea02ea5ba69deb2108459af
gallerypic/gallerypic7,306060,03ec3dab6814dc34877598097f569417
gallerypic/gallerypic6,266365,98b79d2e1101c340f75f0c962a303e84
gallerypic/gallerypic52,298900,7d8135915ac17c49b731540c1eaef019
gallerypic/gallerypic50,303990,56f70cf388ce008116cf4e974c9a9059
gallerypic/gallerypic45,320621,87a9d9c6bde3934f7e5baa13e52411bc
gallerypic/gallerypic51,258492,3ffda205117dd4c6bb122da84c3469a1
gallerypic/gallerypic53,264226,0042551df3aa541bbf2683f4f8c95e47
gallerypic/gallerypic43,311866,8ed8eab9e3862e6e0788f4541dc2901b
gallerypic/gallerypic55,257246,f83860394b67acc2d0e78c8a06218607
gallerypic/gallerypic41,307907,e8aa1b2cb89499345108d45865a86b69
gallerypic/gallerypic47,282861,6168891a5a50d8f91cb4be3d35df0818
gallerypic/gallerypic54,219738,776422015c01161a1a124d9df91a72d2
gallerypic/gallerypic42,267286,5d5375b39d4e4e84395a954578e35ab8
gallerypic/gallerypic44,265498,99c8c8e1297b5ad43bb6948c2c8d3a6a
gallerypic/gallerypic46,251104,52dce24042326a00f61b914e476cf437
gallerypic/gallerypic48,253671,7ff83cccb37cf2b7c43022c95351d96d
gallerypic/gallerypic5,242157,6502f1328a414931f56fb4dc22f67ffe
gallerypic/gallerypic40,274701,ef53c2805b5d660c3b5c24fedcecee5c
gallerypic/gallerypic32,328700,0d5ab367de22dc9d1fdcac0891bd5937
gallerypic/gallerypic37,301763,f609975ce5faf7a37c1c7c687700093e
gallerypic/gallerypic38,302944,f38e1f93025fd5cfc8f05724c9302d9f
gallerypic/gallerypic39,277260,cddb2863f0f654213ab38721388ce9ea
gallerypic/gallerypic4,251893,dc84ba84ac3e44c54502006e3e50acec
gallerypic/gallerypic31,299230,25c48ff10cfbbec788535933243e2aeb
gallerypic/gallerypic3,292080,4fb9fe6dc99dc335182ba007ea6ff159
gallerypic/gallerypic36,256599,8e2ecfb501b63561ddbbd8b8803872a0
gallerypic/gallerypic33,264054,c15c11081b2db5776e6e2bc176cdf35d
gallerypic/gallerypic29,300963,076e02f9c6ea0a564cf0f06cd2d6d71d
gallerypic/gallerypic35,258601,803beba90ef3e7d94aa0a980f09080b3
gallerypic/gallerypic28,290825,1cc4612c18765a025121a42ec1c3d72a
gallerypic/gallerypic30,288367,24b362c14976d3e9121d35215e73d9a3
gallerypic/gallerypic24,286383,e08bdc9d49d9349419f1dafb9eb90ec7
gallerypic/gallerypic34,242535,9f6b8c0d0818d4a8b74b521135a72d14
gallerypic/gallerypic25,261812,262a5f69937f72ca626b75b3003cc3c9
gallerypic/gallerypic26,303107,862b6e13f9a60591666ed6d2aebaa3b6
gallerypic/gallerypic14,291872,b50c12175661d4f0a37fbc918a414f8d
gallerypic/gallerypic11,290428,a12b2c08dd4c1ba3b350534d707b61f1
gallerypic/gallerypic1,287438,383aaf9fad97edc3c28c0e26aaf1f91f
gallerypic/gallerypic23,292107,333e06946bd3e8586ebaf82fc61aaee8
gallerypic/gallerypic12,280459,0c566d1eeeae017b62c61202b7580dca
gallerypic/gallerypic15,282773,441995f5deac69b29d8764b5294007de
gallerypic/gallerypic13,278335,b79053f1847aebdd9db7bac90472716f
gallerypic/gallerypic18,278431,dd2198e366bc68c1cdc809d9e8fecf7c
gallerypic/gallerypic20,273010,ae9c500c708a1a76d83a55073d8e6f72
gallerypic/gallerypic10,265226,d2ad82b9b3fb9225fe68b6d1bde3c45b
gallerypic/gallerypic22,261535,b02dd59babbdecb061eccaa5fa5b16b0
gallerypic/gallerypic27,235002,40c53bba27355c4f308002f6bda72fea
gallerypic/gallerypic2,257017,77bfc2473bda327f391cfdeefc11f011
gallerypic/gallerypic17,251244,acb65d06cdac752abb1730d0e373ae33
gallerypic/gallerypic21,250000,cd45bfdbb2756f4bd1edc406a17b4f46
gallerypic/gallerypic17_t,138041,c34fcaf2c311df4f1c57e629e990b55d
gallerypic/gallerypic13_t,123551,d6de81bd37e1b84bb4d2402255920264
gallerypic/gallerypic11_t,132001,cc4c5ed7a16247d7e76b2c29e101365d
gallerypic/gallerypic14_t,140132,f093506890d8582eb1679391fbe35def
gallerypic/gallerypic10_t,121942,925647e13e4cf41db9bf72d046fbe116
gallerypic/gallerypic15_t,145289,8b250dfbb44d7a1873e7e80af223298f
gallerypic/gallerypic16_t,156946,75af9a7682a29ea7ebfc92e3dea955b6
gallerypic/gallerypic18_t,145703,636e80f470343f62beebd161de88fabe
gallerypic/gallerypic21_t,127250,87f4f5220aa2e7ab3b847763a29d9e83
gallerypic/gallerypic19_t,136584,95b9f49a73575d23d8c252ace98794a0
gallerypic/gallerypic20_t,133916,a09e72aa1b77c035b76b994bf5cf2535
gallerypic/gallerypic12_t,133962,dcdcd6e811868a31c3d178916599a42d
gallerypic/gallerypic1_t,142480,19710eefee42e11ceda3fc7431ac4976
gallerypic/gallerypic22_t,138146,af224a8c66199b493922fbd660d5738f
gallerypic/gallerypic24_t,132147,cf7b1f210ca99ebde486518161b29fe5
gallerypic/gallerypic25_t,122237,afab091133e52fbdd7feaa4eb7042d13
gallerypic/gallerypic27_t,134045,cfdeb9d45f4c2783648a7476989b099b
gallerypic/gallerypic23_t,153110,7544a449b155b796065cadd21eb265c6
gallerypic/gallerypic26_t,148201,ccaa1d5ede42e480e4dadf676f542d3a
gallerypic/gallerypic28_t,139294,e4cd3925952d5d09ab2454295ba2b536
gallerypic/gallerypic30_t,140508,843685045382817011ba05df492e97b5
gallerypic/gallerypic31_t,152164,7c37552ca2cbdacd318963bb9b6ba1ac
gallerypic/gallerypic2_t,145063,72438721c10d8f63866d45a8254bf83b
gallerypic/gallerypic32_t,161319,0358e57ae6cad911565e4eacdc6ad779
gallerypic/gallerypic34_t,123866,88b4eee3de846844b1590101c6a32874
gallerypic/gallerypic33_t,124086,a432aedfa0a1088940e65c92c7766394
gallerypic/gallerypic36_t,133896,c867d2dc1a3b668f5e117c3b515810c2
gallerypic/gallerypic38_t,142121,9c71c51bbdeb010e748d109d4384b8d8
gallerypic/gallerypic29_t,149796,a48f7d9674a74c4e00f186c87ac7b2a5
gallerypic/gallerypic35_t,124190,1ebebcdbdd53c98707b1dcd732a9d8da
gallerypic/gallerypic39_t,142629,14f9f7b83bd549eb9f6ab62f03229d15
gallerypic/gallerypic3_t,138896,b17d03e2a020140514baca8b6a6d716e
gallerypic/gallerypic40_t,141655,0fe186d30e49b584783ec3a43d31838d
gallerypic/gallerypic37_t,139956,a508d03ad741d36f5ef48862b3a27cfb
gallerypic/gallerypic42_t,136634,292e4d98ed77eb884ef096e7627fdeb6
gallerypic/gallerypic41_t,153343,462c2528b1321e3f5f1c6a1ac41b3ed0
gallerypic/gallerypic51_t,126795,906ce583b5bda45da635c9473f24b29a
gallerypic/gallerypic46_t,129509,a49f197e223cd2c65744e2434b8ebdd4
gallerypic/gallerypic49_t,154886,4fbcd844402064dbcd1a048db0d32a97
gallerypic/gallerypic47_t,148510,b6b32095dcfdc994a6390164c37e6507
gallerypic/gallerypic54_t,105974,259dba747ce23428047eca29f10f4101
gallerypic/gallerypic4_t,120358,82a7a0dce6cc8242781ae66f6fcd9e6b
gallerypic/gallerypic55_t,140827,6d0c4cb8fb58147a9de50bd73634355a
gallerypic/gallerypic50_t,151501,6a92dc0f54d85ff8c045ae9ae58489d1
gallerypic/gallerypic6_t,121732,0567b778fbf74d550b2e929ae4be2868
gallerypic/gallerypic5_t,127242,aac7b2ebbfd905ddd268d5cefab9a355
gallerypic/gallerypic52_t,148436,f42e7eee916ac55dd82f856fe307fbdf
gallerypic/gallerypic48_t,145160,66e0c65161045601a0145b9d4b3cd829
gallerypic/gallerypic43_t,148975,f71962ef9a31195688f3e6610cc1a17a
gallerypic/gallerypic44_t,126444,df4d8bcdf1b826dbca2c686157466a7c
gallerypic/gallerypic7_t,148226,133a11975c8e33d712078778e8d06f67
gallerypic/gallerypic53_t,145614,5da52e438dad0e571d75e745afb4bd23
gallerypic/gallerypic8_t,136487,a0a8a96a51305a417e92da8bd98a03a6
gallerypic/gallerypic9_t,134989,c3e41503c3e76d3988ed5ee8718e6b4f
gallerypic/gallerypic45_t,162338,29e59134ba499f241b5802aae37b6bb6
