painting/beianpudun,6645,cd7e4b086cfe08fcd9d4d216a6011620
painting/biaoqiang,6559,0baa641c8000526abe207e26743d222e
painting/beianpudun_tex,797499,00cfc51324ac6048453bce237c639f68
painting/bisimai,6604,61bcf0017a5444850a38cb09ea59a96f
painting/bolisi,6620,07bcffeeb585ca07858cc6416a854021
painting/bisimai_tex,411343,84ab5e897fd688e2f489436f360e8248
painting/botelan,6605,ed72cc33b5a08749dbf4fe1c61e9a572
painting/botelan_hx,6599,3891111e6f42cf658843880156fa7483
painting/biaoqiang_tex,1046444,8edb05a7665f33d31c9daacce451d6e4
painting/bolisi_tex,1026743,42a381f5374df46ef0716c82d5b3fa26
painting/changdao,6611,a2138c02c9c9c0cdf315c3f8a61d702f
painting/changdao_hx,6592,273f5cbf3e910c0359e5233313f62c01
painting/changdao_hx_tex,232316,819be41c8793f8ad51ce6e563356a60b
painting/changdao_tex,969446,0ae97723400ec414c3eedaed238056b4
painting/dahuangfeng,6628,964de748598588202a1f5dbf332e7637
painting/botelan_hx_tex,1103487,7540a217b6230b4a78c71ae6073ac1ea
painting/fulaiche,6513,8f58abb92be50af7a60d66b9c8d12f2f
painting/gelideli,6599,6565eb9bb64c37cf0666d6ab6dc1e1c5
painting/fulaiche_tex,947389,6c82e32a7bd4a38bfd770717d56b250e
painting/haman,6565,003dc841815a3c3c3f7a36840939c08a
painting/haman_tex,658411,929df776b79e355cd6fa2a9ea1072b3e
painting/hude,6553,670c2b5d49a75b4ab54a64f090553f7f
painting/huixing,6561,77dc18dd4cd09cbf7a1a3e0068170457
painting/huixing_tex,685768,43268b60086a9b86d0a09b83693cf36e
painting/keleiwen,6585,c50ffd89208c99ec0710c96f388d6577
painting/kente,27038,4e38ac66ffebb1a8d0a1509d2ae5e7ac
painting/lafei,6559,68582b24dca2c9bd945634cc723892bf
painting/keleiwen_tex,866054,8339f479f8a429b9625bacf9255ad185
painting/kente_tex,777071,9fe44f503563bcfeaf4f624430eff994
painting/lingbo,6584,5e40e50cb0c26ea32a3395320d9dce62
painting/gelideli_tex,1021394,42e87de64d98042e3683c03cca967b22
painting/lingbo_tex,693504,640c30dc6721669d8d8b8838a2a7a841
painting/maikaoer,6499,ad793a8b5d0f21053c6abff411c0ffe5
painting/lafei_tex,808885,2c704d0f1ad3e5407f90ab4a1ab1bdd9
painting/mingshi,6757,3aedd0ca9df3cd18ce78a3531f6981ab
painting/mingyunnvshen,6563,aa9b142970baac22f41b2f523ebb84b8
painting/maikaoer_tex,882055,805ad952422b283c503139034591be4d
painting/dahuangfeng_hx,6655,34ddf883f46afc5fd5a9aa254b45aa75
painting/mingshi_tex,867523,6e45c43906d666a0cbcde33bb3d4a2ab
painting/nuofuke,6525,f44a70d0c98e8403bdfcca14d5c3d84e
painting/nuofuke_hx,6506,6c2b2323ab1e2a6367ad9bdedfd7eeb1
painting/nvjiang,6579,b938e4e4a4d4f104291e462d9cf9036e
painting/ougen,6629,cfe3b52e79471cd672746e2e39f4c7ce
painting/nuofuke_hx_tex,275467,3dbcc020510ce6dad743d1b2182cf06a
painting/nvjiang_tex,885774,7a48a8d627e57364a6ccebabbedb7142
painting/safuke,6594,511ffa60ac986e100e6c793895baf874
painting/safuke_xinshou,6598,508444bd3a74738ed09d254d7e34b126
painting/safuke_hx,6608,4ad9f80c0c28257c54cbd5fbaf3fbd05
painting/safuke_xinshou_tex,210184,29db3a5277fb615972066434c87ea1f0
painting/safuke_hx_tex,210145,5a5f81eef7d3abe92f1654b2590c2818
painting/saqieer,6546,38b3222931b85cd38f767be0b3fe0ec5
painting/shiluopujun,6606,3f6063f93470d3269fe54320c0b9d997
painting/saqieer_tex,630189,bb89b531eefecf852908468bd4fc3048
painting/mingyunnvshen_tex,821718,499d881a601dbd750b1166e07ca86d8a
painting/shiluopujun_tex,890448,33182b0218da78551903972fbc9777da
painting/safuke_tex,808358,339cde2792bd922cfbfbb71a63dab6e6
painting/tianhou,6601,66c70bd8f06617e27177c7a5e6319545
painting/botelan_tex,1104089,032301b3b3336ae40365ac86b220bad5
painting/dahuangfeng_tex,1115951,8c9b8e837bc895bc1e2e1e1fc28ba39c
painting/dahuangfeng_hx_tex,1146018,4321936560f6215475429dee2a97ec4f
painting/unknown1,4863,9e09f18f784b7258d7550340b21789b6
painting/unknown1_hx,4880,33bcec597ce7872a248453d94a8c9f7c
painting/unknown2,4849,ad8ec1dd1d95bf48045ec3e902030e5d
painting/unknown1_xinshou,4868,9b3f8faa59ac9e1904cd25ca22c6077f
painting/unknown2_hx,4851,05f04ebbe6fb201b4e5592d8e6a48690
painting/unknown2_memory_tex,9181,a1da9c0e4e23f1d9b4807e2e99f7ea34
painting/unknown1_hx_tex,207118,7d40dea1cf6b2c489b2839d334eb7e23
painting/unknown2_hx_tex,270603,9a4e7dd3abf1ea2a11102e2d2f75e222
painting/nuofuke_tex,1061858,19140e27eefc175f231b6b5e68327968
painting/weiershiqinwang,6617,34bbfaabb839cbbfafe92df2e55a2362
painting/tianhou_tex,1300740,d9909c053e5f5d44aa3875a6cf3769a0
painting/unknown1_tex,740222,a4ea36d745a0b8b68306f45139a75330
painting/unknown1_xinshou_tex,783865,37a0df0a2cac08f3df7b322ca34d4539
painting/unknown2_tex,928503,310deb0af1074c8e0b9318286cf1407d
painting/hude_tex,2877681,1b8778d38249740081f845eca5b05c76
painting/xiaotiane,6602,1b44874b47ce8eb1e86ee9241f242ac5
painting/ximusi,6590,af9cb7e4c4966a9a699527931b1e0666
painting/unknown2_memory,2057021,02e5d8aa19f8e841b452bf8bc59642da
painting/xinyue,6605,3bf344a6ee961d0998a598b5adca1c58
painting/xiaotiane_tex,674169,ec4eac55f44a22d877df01b9223d5e23
painting/ximusi_tex,665154,43be04139ab4ed7a4e641eb4a9fe988f
painting/xinyue_tex,687711,2310852b1c85ea9422449751f843bc79
painting/weiershiqinwang_tex,2814554,38905b44fd4541de3e29fdf167da3188
painting/z23,6791,a990ef7995433d26403df16e3c8be6b7
painting/zhijiage,6555,2c5aafc3fd7f21891827591d9f76bcb4
painting/ougen_tex,2363881,7a3e55f546584de2e23fd08dd64661e1
painting/z23_tex,918901,d8dabdd7e734632356b9b86f6a77bf37
painting/zhijiage_tex,787452,16386a409da0078512ca16c5f83f87e8